[
  {
    "id": "001",
    "image": "https://images.unsplash.com/photo-1614265591944-4350bf840a43?ixlib=rb-1.2.1&ixid=MnwxMjA3fDB8MHxjb2xsZWN0aW9uLXBhZ2V8MXxNVXpZMmlWRjM3UXx8ZW58MHx8fHw%3D&auto=format&fit=crop&w=500&q=60",
    "like": "1.234k"
  },
  {
    "id": "002",
    "image": "https://images.unsplash.com/photo-1535295972055-1c762f4483e5?ixlib=rb-1.2.1&ixid=MnwxMjA3fDB8MHxwaG90by1yZWxhdGVkfDd8fHxlbnwwfHx8fA%3D%3D&auto=format&fit=crop&w=500&q=60",
    "like": "5.164k"
  },
  {
    "id": "003",
    "image": "https://images.unsplash.com/photo-1544717305-2782549b5136?ixlib=rb-1.2.1&ixid=MnwxMjA3fDB8MHxwaG90by1yZWxhdGVkfDl8fHxlbnwwfHx8fA%3D%3D&auto=format&fit=crop&w=500&q=60",
    "like": "2.034k"
  },
  {
    "id": "004",
    "image": "https://images.unsplash.com/photo-1531923610693-c816870f3b44?ixlib=rb-1.2.1&ixid=MnwxMjA3fDB8MHxwaG90by1yZWxhdGVkfDN8fHxlbnwwfHx8fA%3D%3D&auto=format&fit=crop&w=500&q=60",
    "like": "3.441k"
  },
  {
    "id": "005",
    "image": "https://images.unsplash.com/photo-1592573390440-64a8a2349e3f?ixlib=rb-1.2.1&ixid=MnwxMjA3fDB8MHxzZWFyY2h8MzF8fGdpcmwlMjBpbWFnZXMlMjAlMjYlMjBwaWN0dXJlc3xlbnwwfDF8MHxibHVlfA%3D%3D&auto=format&fit=crop&w=500&q=60",
    "like": "523"
  },
  {
    "id": "006",
    "image": "https://images.unsplash.com/photo-1514846326710-096e4a8035e0?ixlib=rb-1.2.1&ixid=MnwxMjA3fDB8MHxwaG90by1yZWxhdGVkfDEzfHx8ZW58MHx8fHw%3D&auto=format&fit=crop&w=500&q=60",
    "like": "244"
  }
]