[
  {
    "id": "001",
    "name": "Jenny Wilson",
    "picture": "https://images.unsplash.com/photo-1614265591944-4350bf840a43?ixlib=rb-1.2.1&ixid=MnwxMjA3fDB8MHxjb2xsZWN0aW9uLXBhZ2V8MXxNVXpZMmlWRjM3UXx8ZW58MHx8fHw%3D&auto=format&fit=crop&w=500&q=60",
    "pictureHash" : "|PE=T_o~G^oys:VYr=xGbI0;VrrCbdnNo#S4S5ofShkr+[VrOtbHt7j?V@=ZV@E+ozoJkWnOi_jYM|oJozkXrrM{Sht7kWW;bbs:RjR+xZbbR-aKkqaxa0ogbvWBnhWXfknijukWjYafS$jZwbbIjZbbWqjFnhj?X9bIjF",
    "imgProfile" : "assets/images/img_post_1.jpeg",
    "caption": "Life is a mirror, we get the best results when we smile at it.",
    "hashtag": [
      "#fashion",
      "#style",
      "#cool",
      "#lifestyle"
    ],
    "like": "782",
    "comment": "230",
    "share": "200"
  },
  {
    "id": "023",
    "name": "Jessica Alba",
    "picture": "https://images.unsplash.com/photo-1648111145086-38ee938cfa9b?ixlib=rb-1.2.1&ixid=MnwxMjA3fDB8MHxwaG90by1yZWxhdGVkfDJ8fHxlbnwwfHx8fA%3D%3D&auto=format&fit=crop&w=500&q=60",
    "pictureHash" : "|NCIgvtlPqR4q[bwS$bvspMxoKbbbHnhjtShj?sSt-RiVXt8bvayofadV@NyofnNofX8WBoLn$WBj?WBoLbbbbe.jEf+X9Rkoft7WBWCoLj?W=fRV@a}ofaxWXj[n$bHW=WVj[oMayW=oLjFW=f+f,ayjEj[bIbIjYf5bI",
    "imgProfile" : "assets/images/img_post_2.jpeg",
    "caption": "Fashion is a language that creates itself in clothes to interpret reality.",
    "hashtag": [
      "#fashion",
      "#style",
      "#beauty",
      "#lifestyle"
    ],
    "like": "2589",
    "comment": "159",
    "share": "717"
  },
  {
    "id": "074",
    "name": "Brooklyn Beckham",
    "picture": "https://images.unsplash.com/photo-1517530094915-500495b15ade?ixlib=rb-1.2.1&ixid=MnwxMjA3fDB8MHxzZWFyY2h8MzE5fHxhZXN0aGV0aWMlMjBhc2lhbiUyMG1lbnxlbnwwfHwwfHw%3D&auto=format&fit=crop&w=500&q=60",
    "pictureHash" : "|IE.e7ac~V%2R5ofE3IpV[~V?Gt7xaRjRjWrRkRj4:NIniR+X8t6%1s.t74:D*xaWAxut6xaV@xuIoRjofWB%2RjWVRkWCs:WXS3ofoLt7M{t8Rjs:a#R+WYo0s:WBt6fkt6jYj]WXafWBR*aet6NGofoLNHofIoj[ayWB",
    "imgProfile" : "assets/images/img_post_3.jpeg",
    "caption": "Editorial fashion is a form of art, and it should be treated as such.",
    "hashtag": [
      "#editorial",
      "#fashion",
      "#interiors",
      "#lifestyle"
    ],
    "like": "574",
    "comment": "42",
    "share": "23"
  }
]